loading, validation, memory_usage
,, 119.53125000000000000000
,, 119.62890625000000000000
,, 119.62890625000000000000
,, 119.62890625000000000000
,, 119.62890625000000000000
,, 119.62890625000000000000
