loading, validation, memory_usage
754.4, 165486.859, 12.75390625000000000000
739.746, 151037.112, 12.70507812500000000000
724.281, 152028.52, 12.65625000000000000000
746.89, 164872.233, 13.16406250000000000000